Title,Description,URL,Sentiment,Timestamp
"Apple’s most affordable M2 iPad Air models now $100 off at Amazon, deals from $499","Amazon is stepping in today with a notable chance to score some solid deals on Apple's iPad Air lineup. First up, we have the base model 128GB 11-inch now...",https://9to5toys.com/2025/02/01/apple-m2-ipad-air-models/,negative,40 minutes ago
Apple’s New ‘Game Changer’ iPhone Update Brings Starlink Satellite Access,Apple has been “secretly working” with SpaceX and the result is that the latest iOS software update means iPhones can access Starlink.,https://www.forbes.com/sites/davidphelan/2025/02/01/apples-new-game-changer-iphone-update-brings-starlink-satellite-access/,neutral,5 hours ago
"I'm an Apple fan, but I'm sick of my AirTag's awkward design—here's what I replaced it with",Join me and grab a MagTag tracker card while it's price-dropped to just $23.97 while inventory is still available.,https://boingboing.net/2025/02/01/im-an-apple-fan-but-im-sick-of-my-airtags-awkward-design-heres-what-i-replaced-it-with.html,neutral,2 hours ago
Apple Will Pay Out $20 Million to Apple Watch Owners. Who Can File a Claim?,"What kind of Apple Watch do you own? Depending on which model you have, you may be eligible for compensation. Thanks to a class-action lawsuit related to...",https://www.cnet.com/tech/mobile/apple-will-pay-out-20-million-to-apple-watch-owners-who-can-file-a-claim/,neutral,3 hours ago
"Apple One is great, but it’s missing something important","Apple introduced Apple One in 2020, providing an easy way for avid Apple users to subscribe to multiple services at once, and get a nice bundle discount for...",https://9to5mac.com/2025/02/01/apple-one-is-great-but-its-missing-something-important/,negative,5 hours ago
Apple TV+ officially has the hottest show on streaming right now,The return of Severance to Apple TV+ is the TV event that viewers can't stop talking about and obsessing over. Three episodes in to the new season of the...,https://bgr.com/entertainment/apple-tv-officially-has-the-hottest-show-on-streaming-right-now/,neutral,6 hours ago
Don't lose track of this deal: an Apple AirTag 4-pack for $70 — an all-time low price,"Missing bags can be a serious vacation buzzkill, not to mention a giant inconvenience. Luckily, Apple's magical trackers have never been cheaper than they are...",https://www.yahoo.com/tech/dont-lose-track-of-this-deal-an-apple-airtag-4-pack-for-70--an-all-time-low-price-161520178.html,negative,7 hours ago
Apple’s Installed Base Hits All-Time High As Their Dominance Grows,"Apple's active device install base has reached new heights, showcasing the company's ongoing dominance in the tech industry. Recent reports indicate that.",https://9meters.com/technology/installed-base-hits-all-time-high-apples-ecosystem-stronger-than-ever,positive,3 hours ago
Latest iPhone update enables Apple Intelligence automatically: How to turn it off,The latest Apple update is bringing AI to your phone — whether you want it or not.,https://www.wjbf.com/news/latest-iphone-update-enables-apple-intelligence-automatically-how-to-turn-it-off/,neutral,7 hours ago
Apple has agreed to pay $20 million to settle a class action lawsuit over Apple Watch battery swelling,Eligible Apple Watch owners could get between $20 to $50 per covered device in the settlement.,https://www.engadget.com/big-tech/apple-has-agreed-to-pay-20-million-to-settle-a-class-action-lawsuit-over-apple-watch-battery-swelling-175616623.html,negative,6 hours ago
"Apple’s most affordable M2 iPad Air models now $100 off at Amazon, deals from $499","Amazon is stepping in today with a notable chance to score some solid deals on Apple's iPad Air lineup. First up, we have the base model 128GB 11-inch now...",https://9to5toys.com/2025/02/01/apple-m2-ipad-air-models/,negative,40 minutes ago
Apple’s New ‘Game Changer’ iPhone Update Brings Starlink Satellite Access,Apple has been “secretly working” with SpaceX and the result is that the latest iOS software update means iPhones can access Starlink.,https://www.forbes.com/sites/davidphelan/2025/02/01/apples-new-game-changer-iphone-update-brings-starlink-satellite-access/,neutral,5 hours ago
"I'm an Apple fan, but I'm sick of my AirTag's awkward design—here's what I replaced it with",Join me and grab a MagTag tracker card while it's price-dropped to just $23.97 while inventory is still available.,https://boingboing.net/2025/02/01/im-an-apple-fan-but-im-sick-of-my-airtags-awkward-design-heres-what-i-replaced-it-with.html,neutral,2 hours ago
Apple Will Pay Out $20 Million to Apple Watch Owners. Who Can File a Claim?,"What kind of Apple Watch do you own? Depending on which model you have, you may be eligible for compensation. Thanks to a class-action lawsuit related to...",https://www.cnet.com/tech/mobile/apple-will-pay-out-20-million-to-apple-watch-owners-who-can-file-a-claim/,neutral,3 hours ago
"Apple One is great, but it’s missing something important","Apple introduced Apple One in 2020, providing an easy way for avid Apple users to subscribe to multiple services at once, and get a nice bundle discount for...",https://9to5mac.com/2025/02/01/apple-one-is-great-but-its-missing-something-important/,negative,5 hours ago
Apple TV+ officially has the hottest show on streaming right now,The return of Severance to Apple TV+ is the TV event that viewers can't stop talking about and obsessing over. Three episodes in to the new season of the...,https://bgr.com/entertainment/apple-tv-officially-has-the-hottest-show-on-streaming-right-now/,neutral,6 hours ago
Don't lose track of this deal: an Apple AirTag 4-pack for $70 — an all-time low price,"Missing bags can be a serious vacation buzzkill, not to mention a giant inconvenience. Luckily, Apple's magical trackers have never been cheaper than they are...",https://www.yahoo.com/tech/dont-lose-track-of-this-deal-an-apple-airtag-4-pack-for-70--an-all-time-low-price-161520178.html,negative,7 hours ago
Apple’s Installed Base Hits All-Time High As Their Dominance Grows,"Apple's active device install base has reached new heights, showcasing the company's ongoing dominance in the tech industry. Recent reports indicate that.",https://9meters.com/technology/installed-base-hits-all-time-high-apples-ecosystem-stronger-than-ever,positive,3 hours ago
Latest iPhone update enables Apple Intelligence automatically: How to turn it off,The latest Apple update is bringing AI to your phone — whether you want it or not.,https://www.wjbf.com/news/latest-iphone-update-enables-apple-intelligence-automatically-how-to-turn-it-off/,neutral,7 hours ago
Apple has agreed to pay $20 million to settle a class action lawsuit over Apple Watch battery swelling,Eligible Apple Watch owners could get between $20 to $50 per covered device in the settlement.,https://www.engadget.com/big-tech/apple-has-agreed-to-pay-20-million-to-settle-a-class-action-lawsuit-over-apple-watch-battery-swelling-175616623.html,negative,6 hours ago
"Apple’s most affordable M2 iPad Air models now $100 off at Amazon, deals from $499","Amazon is stepping in today with a notable chance to score some solid deals on Apple's iPad Air lineup. First up, we have the base model 128GB 11-inch now...",https://9to5toys.com/2025/02/01/apple-m2-ipad-air-models/,negative,40 minutes ago
Apple’s New ‘Game Changer’ iPhone Update Brings Starlink Satellite Access,Apple has been “secretly working” with SpaceX and the result is that the latest iOS software update means iPhones can access Starlink.,https://www.forbes.com/sites/davidphelan/2025/02/01/apples-new-game-changer-iphone-update-brings-starlink-satellite-access/,neutral,5 hours ago
"I'm an Apple fan, but I'm sick of my AirTag's awkward design—here's what I replaced it with",Join me and grab a MagTag tracker card while it's price-dropped to just $23.97 while inventory is still available.,https://boingboing.net/2025/02/01/im-an-apple-fan-but-im-sick-of-my-airtags-awkward-design-heres-what-i-replaced-it-with.html,neutral,2 hours ago
Apple Will Pay Out $20 Million to Apple Watch Owners. Who Can File a Claim?,"What kind of Apple Watch do you own? Depending on which model you have, you may be eligible for compensation. Thanks to a class-action lawsuit related to...",https://www.cnet.com/tech/mobile/apple-will-pay-out-20-million-to-apple-watch-owners-who-can-file-a-claim/,neutral,3 hours ago
"Apple One is great, but it’s missing something important","Apple introduced Apple One in 2020, providing an easy way for avid Apple users to subscribe to multiple services at once, and get a nice bundle discount for...",https://9to5mac.com/2025/02/01/apple-one-is-great-but-its-missing-something-important/,negative,5 hours ago
Apple TV+ officially has the hottest show on streaming right now,The return of Severance to Apple TV+ is the TV event that viewers can't stop talking about and obsessing over. Three episodes in to the new season of the...,https://bgr.com/entertainment/apple-tv-officially-has-the-hottest-show-on-streaming-right-now/,neutral,6 hours ago
Don't lose track of this deal: an Apple AirTag 4-pack for $70 — an all-time low price,"Missing bags can be a serious vacation buzzkill, not to mention a giant inconvenience. Luckily, Apple's magical trackers have never been cheaper than they are...",https://www.yahoo.com/tech/dont-lose-track-of-this-deal-an-apple-airtag-4-pack-for-70--an-all-time-low-price-161520178.html,negative,7 hours ago
Apple’s Installed Base Hits All-Time High As Their Dominance Grows,"Apple's active device install base has reached new heights, showcasing the company's ongoing dominance in the tech industry. Recent reports indicate that.",https://9meters.com/technology/installed-base-hits-all-time-high-apples-ecosystem-stronger-than-ever,positive,3 hours ago
Latest iPhone update enables Apple Intelligence automatically: How to turn it off,The latest Apple update is bringing AI to your phone — whether you want it or not.,https://www.wjbf.com/news/latest-iphone-update-enables-apple-intelligence-automatically-how-to-turn-it-off/,neutral,7 hours ago
Apple has agreed to pay $20 million to settle a class action lawsuit over Apple Watch battery swelling,Eligible Apple Watch owners could get between $20 to $50 per covered device in the settlement.,https://www.engadget.com/big-tech/apple-has-agreed-to-pay-20-million-to-settle-a-class-action-lawsuit-over-apple-watch-battery-swelling-175616623.html,negative,6 hours ago
"Apple’s most affordable M2 iPad Air models now $100 off at Amazon, deals from $499","Amazon is stepping in today with a notable chance to score some solid deals on Apple's iPad Air lineup. First up, we have the base model 128GB 11-inch now...",https://9to5toys.com/2025/02/01/apple-m2-ipad-air-models/,negative,40 minutes ago
Apple’s New ‘Game Changer’ iPhone Update Brings Starlink Satellite Access,Apple has been “secretly working” with SpaceX and the result is that the latest iOS software update means iPhones can access Starlink.,https://www.forbes.com/sites/davidphelan/2025/02/01/apples-new-game-changer-iphone-update-brings-starlink-satellite-access/,neutral,5 hours ago
"I'm an Apple fan, but I'm sick of my AirTag's awkward design—here's what I replaced it with",Join me and grab a MagTag tracker card while it's price-dropped to just $23.97 while inventory is still available.,https://boingboing.net/2025/02/01/im-an-apple-fan-but-im-sick-of-my-airtags-awkward-design-heres-what-i-replaced-it-with.html,neutral,2 hours ago
Apple Will Pay Out $20 Million to Apple Watch Owners. Who Can File a Claim?,"What kind of Apple Watch do you own? Depending on which model you have, you may be eligible for compensation. Thanks to a class-action lawsuit related to...",https://www.cnet.com/tech/mobile/apple-will-pay-out-20-million-to-apple-watch-owners-who-can-file-a-claim/,neutral,3 hours ago
"Apple One is great, but it’s missing something important","Apple introduced Apple One in 2020, providing an easy way for avid Apple users to subscribe to multiple services at once, and get a nice bundle discount for...",https://9to5mac.com/2025/02/01/apple-one-is-great-but-its-missing-something-important/,negative,5 hours ago
Apple TV+ officially has the hottest show on streaming right now,The return of Severance to Apple TV+ is the TV event that viewers can't stop talking about and obsessing over. Three episodes in to the new season of the...,https://bgr.com/entertainment/apple-tv-officially-has-the-hottest-show-on-streaming-right-now/,neutral,6 hours ago
Don't lose track of this deal: an Apple AirTag 4-pack for $70 — an all-time low price,"Missing bags can be a serious vacation buzzkill, not to mention a giant inconvenience. Luckily, Apple's magical trackers have never been cheaper than they are...",https://www.yahoo.com/tech/dont-lose-track-of-this-deal-an-apple-airtag-4-pack-for-70--an-all-time-low-price-161520178.html,negative,7 hours ago
Apple’s Installed Base Hits All-Time High As Their Dominance Grows,"Apple's active device install base has reached new heights, showcasing the company's ongoing dominance in the tech industry. Recent reports indicate that.",https://9meters.com/technology/installed-base-hits-all-time-high-apples-ecosystem-stronger-than-ever,positive,3 hours ago
Latest iPhone update enables Apple Intelligence automatically: How to turn it off,The latest Apple update is bringing AI to your phone — whether you want it or not.,https://www.wjbf.com/news/latest-iphone-update-enables-apple-intelligence-automatically-how-to-turn-it-off/,neutral,7 hours ago
Apple has agreed to pay $20 million to settle a class action lawsuit over Apple Watch battery swelling,Eligible Apple Watch owners could get between $20 to $50 per covered device in the settlement.,https://www.engadget.com/big-tech/apple-has-agreed-to-pay-20-million-to-settle-a-class-action-lawsuit-over-apple-watch-battery-swelling-175616623.html,negative,6 hours ago
"Apple’s most affordable M2 iPad Air models now $100 off at Amazon, deals from $499","Amazon is stepping in today with a notable chance to score some solid deals on Apple's iPad Air lineup. First up, we have the base model 128GB 11-inch now...",https://9to5toys.com/2025/02/01/apple-m2-ipad-air-models/,negative,40 minutes ago
Apple’s New ‘Game Changer’ iPhone Update Brings Starlink Satellite Access,Apple has been “secretly working” with SpaceX and the result is that the latest iOS software update means iPhones can access Starlink.,https://www.forbes.com/sites/davidphelan/2025/02/01/apples-new-game-changer-iphone-update-brings-starlink-satellite-access/,neutral,5 hours ago
"I'm an Apple fan, but I'm sick of my AirTag's awkward design—here's what I replaced it with",Join me and grab a MagTag tracker card while it's price-dropped to just $23.97 while inventory is still available.,https://boingboing.net/2025/02/01/im-an-apple-fan-but-im-sick-of-my-airtags-awkward-design-heres-what-i-replaced-it-with.html,neutral,2 hours ago
Apple Will Pay Out $20 Million to Apple Watch Owners. Who Can File a Claim?,"What kind of Apple Watch do you own? Depending on which model you have, you may be eligible for compensation. Thanks to a class-action lawsuit related to...",https://www.cnet.com/tech/mobile/apple-will-pay-out-20-million-to-apple-watch-owners-who-can-file-a-claim/,neutral,3 hours ago
"Apple One is great, but it’s missing something important","Apple introduced Apple One in 2020, providing an easy way for avid Apple users to subscribe to multiple services at once, and get a nice bundle discount for...",https://9to5mac.com/2025/02/01/apple-one-is-great-but-its-missing-something-important/,negative,5 hours ago
Apple TV+ officially has the hottest show on streaming right now,The return of Severance to Apple TV+ is the TV event that viewers can't stop talking about and obsessing over. Three episodes in to the new season of the...,https://bgr.com/entertainment/apple-tv-officially-has-the-hottest-show-on-streaming-right-now/,neutral,6 hours ago
Don't lose track of this deal: an Apple AirTag 4-pack for $70 — an all-time low price,"Missing bags can be a serious vacation buzzkill, not to mention a giant inconvenience. Luckily, Apple's magical trackers have never been cheaper than they are...",https://www.yahoo.com/tech/dont-lose-track-of-this-deal-an-apple-airtag-4-pack-for-70--an-all-time-low-price-161520178.html,negative,7 hours ago
Apple’s Installed Base Hits All-Time High As Their Dominance Grows,"Apple's active device install base has reached new heights, showcasing the company's ongoing dominance in the tech industry. Recent reports indicate that.",https://9meters.com/technology/installed-base-hits-all-time-high-apples-ecosystem-stronger-than-ever,positive,3 hours ago
Latest iPhone update enables Apple Intelligence automatically: How to turn it off,The latest Apple update is bringing AI to your phone — whether you want it or not.,https://www.wjbf.com/news/latest-iphone-update-enables-apple-intelligence-automatically-how-to-turn-it-off/,neutral,7 hours ago
Apple has agreed to pay $20 million to settle a class action lawsuit over Apple Watch battery swelling,Eligible Apple Watch owners could get between $20 to $50 per covered device in the settlement.,https://www.engadget.com/big-tech/apple-has-agreed-to-pay-20-million-to-settle-a-class-action-lawsuit-over-apple-watch-battery-swelling-175616623.html,negative,6 hours ago
"Apple’s most affordable M2 iPad Air models now $100 off at Amazon, deals from $499","Amazon is stepping in today with a notable chance to score some solid deals on Apple's iPad Air lineup. First up, we have the base model 128GB 11-inch now...",https://9to5toys.com/2025/02/01/apple-m2-ipad-air-models/,negative,40 minutes ago
Apple’s New ‘Game Changer’ iPhone Update Brings Starlink Satellite Access,Apple has been “secretly working” with SpaceX and the result is that the latest iOS software update means iPhones can access Starlink.,https://www.forbes.com/sites/davidphelan/2025/02/01/apples-new-game-changer-iphone-update-brings-starlink-satellite-access/,neutral,5 hours ago
"I'm an Apple fan, but I'm sick of my AirTag's awkward design—here's what I replaced it with",Join me and grab a MagTag tracker card while it's price-dropped to just $23.97 while inventory is still available.,https://boingboing.net/2025/02/01/im-an-apple-fan-but-im-sick-of-my-airtags-awkward-design-heres-what-i-replaced-it-with.html,neutral,2 hours ago
Apple Will Pay Out $20 Million to Apple Watch Owners. Who Can File a Claim?,"What kind of Apple Watch do you own? Depending on which model you have, you may be eligible for compensation. Thanks to a class-action lawsuit related to...",https://www.cnet.com/tech/mobile/apple-will-pay-out-20-million-to-apple-watch-owners-who-can-file-a-claim/,neutral,3 hours ago
"Apple One is great, but it’s missing something important","Apple introduced Apple One in 2020, providing an easy way for avid Apple users to subscribe to multiple services at once, and get a nice bundle discount for...",https://9to5mac.com/2025/02/01/apple-one-is-great-but-its-missing-something-important/,negative,5 hours ago
Apple TV+ officially has the hottest show on streaming right now,The return of Severance to Apple TV+ is the TV event that viewers can't stop talking about and obsessing over. Three episodes in to the new season of the...,https://bgr.com/entertainment/apple-tv-officially-has-the-hottest-show-on-streaming-right-now/,neutral,6 hours ago
Don't lose track of this deal: an Apple AirTag 4-pack for $70 — an all-time low price,"Missing bags can be a serious vacation buzzkill, not to mention a giant inconvenience. Luckily, Apple's magical trackers have never been cheaper than they are...",https://www.yahoo.com/tech/dont-lose-track-of-this-deal-an-apple-airtag-4-pack-for-70--an-all-time-low-price-161520178.html,negative,7 hours ago
Apple’s Installed Base Hits All-Time High As Their Dominance Grows,"Apple's active device install base has reached new heights, showcasing the company's ongoing dominance in the tech industry. Recent reports indicate that.",https://9meters.com/technology/installed-base-hits-all-time-high-apples-ecosystem-stronger-than-ever,positive,3 hours ago
Latest iPhone update enables Apple Intelligence automatically: How to turn it off,The latest Apple update is bringing AI to your phone — whether you want it or not.,https://www.wjbf.com/news/latest-iphone-update-enables-apple-intelligence-automatically-how-to-turn-it-off/,neutral,7 hours ago
Apple has agreed to pay $20 million to settle a class action lawsuit over Apple Watch battery swelling,Eligible Apple Watch owners could get between $20 to $50 per covered device in the settlement.,https://www.engadget.com/big-tech/apple-has-agreed-to-pay-20-million-to-settle-a-class-action-lawsuit-over-apple-watch-battery-swelling-175616623.html,negative,6 hours ago
"Apple’s most affordable M2 iPad Air models now $100 off at Amazon, deals from $499","Amazon is stepping in today with a notable chance to score some solid deals on Apple's iPad Air lineup. First up, we have the base model 128GB 11-inch now...",https://9to5toys.com/2025/02/01/apple-m2-ipad-air-models/,negative,40 minutes ago
Apple’s New ‘Game Changer’ iPhone Update Brings Starlink Satellite Access,Apple has been “secretly working” with SpaceX and the result is that the latest iOS software update means iPhones can access Starlink.,https://www.forbes.com/sites/davidphelan/2025/02/01/apples-new-game-changer-iphone-update-brings-starlink-satellite-access/,neutral,5 hours ago
"I'm an Apple fan, but I'm sick of my AirTag's awkward design—here's what I replaced it with",Join me and grab a MagTag tracker card while it's price-dropped to just $23.97 while inventory is still available.,https://boingboing.net/2025/02/01/im-an-apple-fan-but-im-sick-of-my-airtags-awkward-design-heres-what-i-replaced-it-with.html,neutral,2 hours ago
Apple Will Pay Out $20 Million to Apple Watch Owners. Who Can File a Claim?,"What kind of Apple Watch do you own? Depending on which model you have, you may be eligible for compensation. Thanks to a class-action lawsuit related to...",https://www.cnet.com/tech/mobile/apple-will-pay-out-20-million-to-apple-watch-owners-who-can-file-a-claim/,neutral,3 hours ago
"Apple One is great, but it’s missing something important","Apple introduced Apple One in 2020, providing an easy way for avid Apple users to subscribe to multiple services at once, and get a nice bundle discount for...",https://9to5mac.com/2025/02/01/apple-one-is-great-but-its-missing-something-important/,negative,5 hours ago
Apple TV+ officially has the hottest show on streaming right now,The return of Severance to Apple TV+ is the TV event that viewers can't stop talking about and obsessing over. Three episodes in to the new season of the...,https://bgr.com/entertainment/apple-tv-officially-has-the-hottest-show-on-streaming-right-now/,neutral,6 hours ago
Don't lose track of this deal: an Apple AirTag 4-pack for $70 — an all-time low price,"Missing bags can be a serious vacation buzzkill, not to mention a giant inconvenience. Luckily, Apple's magical trackers have never been cheaper than they are...",https://www.yahoo.com/tech/dont-lose-track-of-this-deal-an-apple-airtag-4-pack-for-70--an-all-time-low-price-161520178.html,negative,7 hours ago
Apple’s Installed Base Hits All-Time High As Their Dominance Grows,"Apple's active device install base has reached new heights, showcasing the company's ongoing dominance in the tech industry. Recent reports indicate that.",https://9meters.com/technology/installed-base-hits-all-time-high-apples-ecosystem-stronger-than-ever,positive,3 hours ago
Latest iPhone update enables Apple Intelligence automatically: How to turn it off,The latest Apple update is bringing AI to your phone — whether you want it or not.,https://www.wjbf.com/news/latest-iphone-update-enables-apple-intelligence-automatically-how-to-turn-it-off/,neutral,7 hours ago
Apple has agreed to pay $20 million to settle a class action lawsuit over Apple Watch battery swelling,Eligible Apple Watch owners could get between $20 to $50 per covered device in the settlement.,https://www.engadget.com/big-tech/apple-has-agreed-to-pay-20-million-to-settle-a-class-action-lawsuit-over-apple-watch-battery-swelling-175616623.html,negative,6 hours ago
"Apple’s most affordable M2 iPad Air models now $100 off at Amazon, deals from $499","Amazon is stepping in today with a notable chance to score some solid deals on Apple's iPad Air lineup. First up, we have the base model 128GB 11-inch now...",https://9to5toys.com/2025/02/01/apple-m2-ipad-air-models/,negative,40 minutes ago
Apple’s New ‘Game Changer’ iPhone Update Brings Starlink Satellite Access,Apple has been “secretly working” with SpaceX and the result is that the latest iOS software update means iPhones can access Starlink.,https://www.forbes.com/sites/davidphelan/2025/02/01/apples-new-game-changer-iphone-update-brings-starlink-satellite-access/,neutral,5 hours ago
"I'm an Apple fan, but I'm sick of my AirTag's awkward design—here's what I replaced it with",Join me and grab a MagTag tracker card while it's price-dropped to just $23.97 while inventory is still available.,https://boingboing.net/2025/02/01/im-an-apple-fan-but-im-sick-of-my-airtags-awkward-design-heres-what-i-replaced-it-with.html,neutral,2 hours ago
Apple Will Pay Out $20 Million to Apple Watch Owners. Who Can File a Claim?,"What kind of Apple Watch do you own? Depending on which model you have, you may be eligible for compensation. Thanks to a class-action lawsuit related to...",https://www.cnet.com/tech/mobile/apple-will-pay-out-20-million-to-apple-watch-owners-who-can-file-a-claim/,neutral,3 hours ago
"Apple One is great, but it’s missing something important","Apple introduced Apple One in 2020, providing an easy way for avid Apple users to subscribe to multiple services at once, and get a nice bundle discount for...",https://9to5mac.com/2025/02/01/apple-one-is-great-but-its-missing-something-important/,negative,5 hours ago
Apple TV+ officially has the hottest show on streaming right now,The return of Severance to Apple TV+ is the TV event that viewers can't stop talking about and obsessing over. Three episodes in to the new season of the...,https://bgr.com/entertainment/apple-tv-officially-has-the-hottest-show-on-streaming-right-now/,neutral,6 hours ago
Don't lose track of this deal: an Apple AirTag 4-pack for $70 — an all-time low price,"Missing bags can be a serious vacation buzzkill, not to mention a giant inconvenience. Luckily, Apple's magical trackers have never been cheaper than they are...",https://www.yahoo.com/tech/dont-lose-track-of-this-deal-an-apple-airtag-4-pack-for-70--an-all-time-low-price-161520178.html,negative,7 hours ago
Apple’s Installed Base Hits All-Time High As Their Dominance Grows,"Apple's active device install base has reached new heights, showcasing the company's ongoing dominance in the tech industry. Recent reports indicate that.",https://9meters.com/technology/installed-base-hits-all-time-high-apples-ecosystem-stronger-than-ever,positive,3 hours ago
Latest iPhone update enables Apple Intelligence automatically: How to turn it off,The latest Apple update is bringing AI to your phone — whether you want it or not.,https://www.wjbf.com/news/latest-iphone-update-enables-apple-intelligence-automatically-how-to-turn-it-off/,neutral,7 hours ago
Apple has agreed to pay $20 million to settle a class action lawsuit over Apple Watch battery swelling,Eligible Apple Watch owners could get between $20 to $50 per covered device in the settlement.,https://www.engadget.com/big-tech/apple-has-agreed-to-pay-20-million-to-settle-a-class-action-lawsuit-over-apple-watch-battery-swelling-175616623.html,negative,6 hours ago
